Historical Incident,Day,Month,Year,Impact,Type of Event ,Object.ID,Gallery.Number,AccessionYear,Object.Name,Title,Artist.Display.Name,Object.Begin.Date,City,Country
Tripartite Accord ,22,12,1988,"Cuban military withdrawal, pivotal in ending South African apartheid.",Military Withdrawal,316173,,1988,Figure,Seated Chief (Mwanangana) Playing Sanza,Chokwe artist,1800,,Angola
First Presidency of Juan Domin go Perón,4,6,1946,Implementation of social and economic reforms workers' rights enhancement,Political,852647,,,,A partir de cero,Enrique Molina,1952,Buenos Aires,Argentina
Arrival of the First Fleet,26,1,1788,"Marked the beginning of British colonization in Australia, leading to the establishment of New South Wales.",Colonization,311950,,1978,Mask,"Mask (Buk, Krar, or Kara)",,1800,Queensland,Australia
"Kingdom of Igodomigodo ""rulers of the sky""",,,1800,Period of Warrior Kings that made Benin wealthy,Political,503936,681,1889,Eroro,Eroro,,1800,,Benin
Tropicália Movement,,4,1967,Avant garde music and arts movement challenging traditional Brazilian culture,Cultural Change,747797,,,,Nova objetividade brasiliera,Museu de Arte Moderna,1967,Rio de Janeiro,Brazil
Passing of the Falcão Law,1,7,1976,Tightened political control by limiting opposition propaganda,Politcal Repression,747798,,,,Lygia Pape : obras,Galeria Arte Global|Lygia Pape|Hélio Oiticica,1976,São Paulo,Brazil
French Colonization,5,9,1896,The French arrived and captured the capital Ouagadougou,Colonization,310950,,1978,Mask,Face Mask (Kpeliye'e),,1800,,Burkina Faso
French Colonization,5,9,1896,The French arrived and captured the capital Ouagadougou,Colonization,312288,,1979,Mask,Mask: Female Figure (Karan-wemba),,1800,,Burkina Faso
New England's Dark Day,19,5,1780,An unusual darkening of the day sky over parts of Canada,Natural Disaster,717589,746,2019,Bowl,Bowl,,1780,British Colombia,Canada
The Sarah and The Dove arrive in Upper Canada,,,1801,700 Passengers from Scotland settled in Upper Canada,Colonial Settlement,501227,684,1889,Raven rattle,Raven rattle,,1801,Skidegate,Canada
Treaty of Ghent Ratified,15,2,1815,Officially ended the War of 1812 and ensured Canada remained under British control,Treaty,717587,746,2019,Frontlet,Headdress frontlet,,1815,,Canada
Garneau Publishes Histoire du Canada ,1,1,1845,The first volume of François-Xavier Garneau's Histoire du Canada was published at Québec. It was the most outstanding history book for a century in Québec and an incentive to patriotism and pride.,Cultural Change,751537,746,2019,Rattle,Raven rattle,Albert Edward Edenshaw,1845,,Canada
Murdered and Missing Indigenous Women Inquiry,8,12,2015,National inquiry into the systemic causes of violence against Indigenous women.,Social Justice,727404,,,,Decorating paper : pattern & technique,Black Stone Press|Heavenly Monkey|Barbara Hodgson|Claudia Cohen,2015,Vancouver,Canada
Fort McMurray Wildfire,1,5,2016,"One of Canada's costliest disasters, leading to massive evacuations.",Natural Disaster,889428,,,,When raven became spider,Dunlop Art Gallery,2017,Regina,Canada
Cannabis Legalization,17,10,2018,Canada became the second country to legalize the recreational use of cannabis.,Legislative,889358,,,,Carpe fin : a Haida manga,Douglas and McIntyre|Michael Nicoll Yahgulanaas,2019,Madeira Park,Canada
French Jesuit Jean Joseph Marie Amiot was sent to China ,27,7,1750,Joseph Marie Amoit's translation of Sun Tzu's The Art of War is the first rendition of the work into a Western language ,Cultural Change,705290,,,,Bo gu tu,Fu Wang,1752,,China
White Lotus Rebellion,,,1800,Large scale uprising in central China that contributed to the decline of the Qing Dynasty,Rebellion,500605,,1889,Tánggǔ,Tánggǔ (堂鼓),"Elevated Tone Workshop, Guangzhou (Canton)",1801,Shanghai,China
Mao Zedong was born ,26,12,1893,Future founder of the People's Republic of China ,Cultural/Political Change,895189,,,,Jin shi suo,Yunpeng Feng,1893,Shanghai,China
Independence from France,7,8,1960,"End of French colonial rule, start of sovereignty.",Independence,319458,,1978,Pair of figures,Pair of Diviner's Figures,,1800,,Côte d'Ivorie
Prince Yusuf Kamal establishes the first School of Fine Arts in 1908,12,5,1908,Opens education to men and women to study arts,Educational Reform,820841,743,2019,Sketchbook,Sketchbook,Louis C. Tiffany,1908,,Egypt
Italy invades Egypt,13,9,1940,Italian Army invades Egypt in campaign to gain control of the Mediterranean and North Africa,Colonization,820685,,,,La séance continue,Art et liberté (Group of artists),1940,Cairo,Egypt
The Alexandria Protocol,7,19,1944,Representatives from Arab nations formed a league to protect their independence and sovereignty against aggressors,Diplomatic Agreement,852666,,,,Men God forgot,Albert Cossery,1944,Cairo,Egypt
Treaty of Vienna ,3,10,1735,France agreed to a peace accord with the Habsburgs that would pave the way for the territorial expansion of France,Treaty,681274,,,,"Proposition concernant le payement et la police des troupes du roy, qui produira à Sa Majesté une finance de six millions deux cens soixante mille livres inventée et proposée par le baron de Sparre, circa 1740",Baron de Sparre|Padeloup,1735,,France
Beast of Gévaudan is killed,19,6,1767,Rampage of beasts in rural France ends ,Natural Event,501691,680,1889,Ceramic Horn,Ceramic Horn,,1767,,France
Treaty of Versailles 1768,15,5,1768,Republic of Genoa ceded Corsica to France ,Treaty,681259,,,,"Loffice de Noël, 1768",Catholic Church|Baudouin,1768,Versailles,France
The Catacombs of Paris,17,4,1786,"The City of Paris consecrated undergound tunnels as the ""Paris Municipal Ossuary""",Infrastructure Development ,892131,,,,Œuvres du marquis de Villette,"Pierre Alexandre Léorier Delisle|Charles-Michel Villette, marquis de Villette",1786,Montargis,France
Assemby of Notables,22,2,1787,Aristocracy refusal to accept tax reforms accelerated the government's collapse and triggered the revolution,Political,680318,,2009,,Almanach de Normandie pour l'année bissext. 1788,La Veuve Besongne & Fils,1787,Rouen,France
Battle of Trafalgar,21,10,1805,Decisive British victory that ended Napoleon's plans to invade Britain,Military Conflict,11985,,1954,Watercolor,Osage Warrior,Charles Balthazar Julien Févret de Saint-Mémin,1805,,France
Paris Colonial Exposition,6,5,1931,Six-month colonial exhibition in France that attempted to display the resources and cultures of France's colonies,Cultural Exposition,852674,,,,Ne visitez pas l'Exposition Coloniale,André Breton,1931,,France
The Foundation of the Kingdom of Prussia,,1,1701,Establishment of Prussia as a kingdom leading to its rise as a major European power,Monarchy Establisment,682014,,,,Figures françoises et comiques nouvellement inventées par M. Watteau; Figures de modes dessinées et gravées à l'eau forte par Watteau; a terminées au buin par Thomassin le fils,Antoine Watteau|Charles Nicolas Cochin I|Louis Desplaces|Henri Simon Thomassin|Hardy-Mennil,1705,Paris,France 
Death of the Grand Dauphin,14,4,1711,Succession was altered of the royal line and eventually led to the reign of Lois XV,Succession Challenge,755786,,,,"Description de la chapelle du chasteau de Versailles, et des ouvrages de sculpture et de peinture",André Felibien,1711,Paris,France 
The Great Plague of Marseille,25,5,1720,The plague arrived on the ship Grand Saint-Antoine and killed roughly half of Marseille's population,Plague,504256,,2005,Transverse Flute,Transverse Flute,Garion,1720,Paris,France 
End of Regency Period,15,2,1723,King Louis XV turned 13 and marked the end of the regency of the Duke of Orleans,Era Change,813854,,,,"Le sacre de Louis XV, roy de France & de Navarre, dans l'église de Reims, le dimanche XXV octobre MDCCXXII",Charles Nicolas Cochin I|Antoine Danchet|Pierre Dulin|Claude Gros de Boze|Nicolas de Larmessin III|Jean Paul Bignon,1723,Paris,France 
Established Paris Bourse,24,9,1724,France established stock exchange following a financial panic,Economic Development,760251,,,,"Nouvelle description des chateaux et parcs de Versailles et de Marly : contenant une explication historique de toutes les peintures, tableaux, statues, vases & ornemens qui s'y voient : leurs dimensions : & les noms des peintres, des sculpteurs & des graveurs qui les ont faits",Jean-Aimar Piganiol de La Force,1724,Paris,France 
Established Paris Bourse,24,9,1724,France established stock exchange following a financial panic,Economic Development,755774,,,,"Nouvelle description des chateaux et parcs de Versailles et de Marly : contenant une explication historique de toutes les peintures, tableaux, statues, vases & ornemens qui s'y voient : leurs dimensions : & les noms des peintres, des sculpteurs & des graveurs qui les ont faits",Jean-Aimar Piganiol de La Force,1724,Paris,France 
French Political Shift,11,6,1726,King Louis XV dismissed his Prime Minister and ended the instability of the early regency period,Political Shift,679476,,,,"Histoire secrette de Neron, ov, Le festin de Trimalcion, traduit de Petrone, avec des notes historiques par M. Lavaur ...",M. (Guillaume de) Lavaur|Petronius Arbiter,1726,Paris,France 
Battle of Prague,25,11,1741,France successfully captured Prague,War,681547,,2009,,"De l'imitation de Jesus-Christ, traduction nouvelle ; ornée de figures en taille-douce",Antoine Humblot|J. B. Guélard|Claude Duflos,1741,Paris,France 
Siege of Prague,25,11,1741,France successfully captured Prague,War,755783,,,,"Les curiositez de Paris, de Versailles, de Marly, de Vincennes, de S. Cloud, et des environs : avec les antiquitez justes & précises sur chaque sujet, et les adresses pour trouver facilement tout ce que ces lieux renferment d'agréable & d'utile : ouvrage enrichi d'un grand nombre de figures en taille douce",Claude Marin Saugrain|Jean-Aimar Piganiol de La Force|Georges Louis Le Rouge,1742,Paris,France 
The Encylopedie,28,6,1751,Significantly avanced the Enlightenment,Educational Reform,591843,,,,"Encyclopédie, ou Dictionnaire raisonné des sciences, des arts et des métiers",Denis Diderot|Jean Le Rond d'Alembert|Briasson,1751,Paris,France 
French and Indian War,,,1754,"Conflict between British America and New France, part of a larger imperial war.",War,680819,,2009,,"Almanach royal, année M.DCC.LVIII",,1757,Paris,France 
Surrender of Montreal,8,9,1760,Governor-General Marquis de Vaudreuil surrended Montreal to British forces and effectively ended French colonial rule in Canada,Military Conflict,681554,,,,"Memoires de Montecuculi, generalissime des troupes de l'empereur : divisés en trois livres : I. De l'art militaire en général, II. De la guerre contre le turc, III. Relation de la campagne de 1664",Prince Raimondo Montecuccoli,1760,Paris,France 
Treaty of Fontainebleau,13,11,1762,France cedes Louisiana Territory and Isle of Orlwans to Spain,Treaty,755789,,,,"Voyage pittoresque des environs de Paris, ou, Description des maisons royales, châteaux & autres lieux de plaisance, situés à quinze lieues aux environs de cette ville",Antoine Nicolas Dézallier d'Argenville,1762,Paris,France 
Treaty of Fontainebleau,13,11,1762,France cedes Louisiana Territory and Isle of Orlwans to Spain,Treaty,682012,,,,Epistole eroiche di P. Ovidio Nasone,Ovid|Carlo Gregori|Durand|Giovan Stefano Conti|Remigio Nannini,1762,Paris,France 
Treaty of Fontainebleau,13,11,1762,France cedes Louisiana Territory and Isle of Orlwans to Spain,Treaty,707455,,,,"Recueil de planches, sur les sciences, les arts libéraux, et les arts méchaniques : avec leur explication",Pierre Mouchon|Denis Diderot|Jean Le Rond d'Alembert|Briasson,1762,Paris,France 
Treaty of Paris ,10,2,1763,"Formally ended the Seven Years' War between France, Great Britian and Spain",Treaty,845713,,,,"Les Spectacles de Paris, ou, Calendrier historique & chronologique des théâtres",Joseph de Laporte|Duchesne,1763,Paris,France 
N/A,,,,N/A,N/A,680832,,,,"Anthologie françoise, ou, Chansons choisies, depuis le 13a siècle jusqu'à présent",Barbou|Jean Monnet|Anne Gabriel Meusnier de Querlon,1765,Paris,France 
N/A,,,,N/A,N/A,680835,,,,"L'art de former les jardins modernes, ou, L'art des jardins anglois : traduit de l'anglois : à quoi le traducteur a ajouté un discours préliminaire sur l'origine de l'art, des notes sur le texte, & une description détaillée des jardins de Stowe, accompagnée du plan",François de Paule Latapie|Thomas Whately|Charles Antoine Jombert,1771,Paris,France 
N/A,,,,N/A,N/A,841587,,,,"Le tableau de la volupté, ou, Les quatre parties du jour : poeme en vers libres / par M.D.B",Pierre-Ulric Dubuisson|Joseph de Longueil|Charles Dominique Joseph Eisen,1771,Paris,France 
N/A,,,,N/A,N/A,681388,,,,"Traité de Plutarque, sur la manière de discerner un flatteur d'avec un ami et Le banquet des sept sages: dialogue du même auteur revu & corrigé sur des manuscrits de la Bibliothèque du roi; avec une version françoise & des notes",Plutarch|L'Imprimerie Royale|François Jean Gabriel de La Porte du Theil,1772,Paris,France 
Chemistry Discovery of Urea,,,1773,Hilaire Roulle discovers urea,Scientific,681563,,,,"Oeuvres de Moliere : avec des remarques grammaticales, des avertissemens et des observations sur chaque piéce, par M. Bret",M. (Antoine) Bret|Michel Lambert|Voltaire|Jean-Baptiste Poquelin Molière|Pierre Mignard |Jean Michel Moreau the Younger|La Compagnie des libraires associés,1773,Paris,France 
Ascension of Louis XVI,10,5,1774,Louis XVI asended to the throne and he and his wife Marie Antoinette were initially very popular,Monarchial ,854659,,,,Le sopha : conte moral,Claude-Prosper Jolyot de Crébillon,1774,Paris,France 
France recognizes the United States as an independent nation,17,12,1777,"Following news of the American victory at the Battle of Saratoga, France officially recognizes the United States as an independent nation",State Establishment,681551,,,,Mémoire sur un rouet a filer des deux mains a la fois,de Bernieres|Clousier,1777,Paris,France 
Support for the American Revolution,,7,1780,A signficant French force arrives in Rhode Island marking a turning point in the American Revolution,Military Conflict,505722,684,2007,Painting,Portrait of Monsieur Aublet,Guillaume Voiriot,1780,Paris,France 
Surrender at Yorktown,19,10,1781,General Cornwallis surrended his army to the Franco-American force ending major fighting in the American Colonies,Military Conflict,839136,,,,"Annales de la vertu, ou, Cours d'histoire a l'usage des jeunes personnes",Mme. la comtesse de Genlis|Baudouin|M. Lambert,1781,Paris,France 
Treaty of Paris ,3,9,1783,Treaty of Paris officially signed in Paris formally recognizing independence of the United States and establishing diplomatic relationships with Great Britian and the U.S.,Treaty,680752,,2009,,"Almanach royal, année bissextile M.DCC.LXXXIV.",Laurent Charles d' Houry,1783,Paris,France 
Diplomatic Convention with the U.S.,29,7,1784,France and the US signed a convention establishing formal diplomatic relations and determing the roles of consuls and agents,Diplomatic Agreement,682098,,,,L'Amour dans le glob,Chez Desnos,1784,Paris,France 
Diplomatic Convention with the U.S.,29,7,1784,France and the US signed a convention establishing formal diplomatic relations and determing the roles of consuls and agents,Diplomatic Agreement,680821,,,,L'Amour dans le globe,Chez Jubert,1784,Paris,France 
Diplomatic Convention with the U.S.,29,7,1784,France and the US signed a convention establishing formal diplomatic relations and determing the roles of consuls and agents,Diplomatic Agreement,681357,,2009,,"Le calendrier de la cour : tiré des ephémérides, pour l'année bissextile mil sept-cent quatre-vingt-quatre : contenant le lieu du soleil, son lever, son coucher, sa déclinaison: le lever de la lune & son coucher, &c. : avec la naissance des rois, reines, princes & princesses de l'Europe imprimé pour la famille royale et maison de sa Majesté",La Veuve Hérissant|Jacques Collombat,1784,Paris,France 
Affair of the Diamond Necklace,15,8,1785,"Cardinal de Rohan arrested in Paris, bringing to light a massive scandal involving a diamond necklace and Queen Marie Antoinette. Severly damaged the reputation of the French monarchy ",Political/Social Scandal,681149,,2009,,Bibliorum Sacrorum Vulgatae versionis,François Ambroise Didot|Josiah W. (Josiah Willard) Gibbs,1785,Paris,France 
The Assembly of Notables Rejection and Dissolution,25,5,1787,The Notables refused to approve new taxes and The Assembly was dissolved this was the turning point to ignite the French Revolutiuon,Political ,813855,,,,"Méthode de nomenclature chimique ; on y a joint un nouveau systême de caractères chimiques, adaptés à cette nomenclature",Antoine-Laurent Lavoisier|Claude-Louis Berthollet|Comte Antoine-François de Fourcroy|Louis-Bernard Guyton de Morveau|Pierre Auguste Adet|Jean-Henri Hassenfratz,1787,Paris,France 
The Assembly of Notables Rejection and Dissolution,25,5,1787,The Notables refused to approve new taxes and The Assembly was dissolved this was the turning point to ignite the French Revolutiuon,Political,680818,,2009,,"Almanach royal, année bissextile M.DCC.LXXXVIII, présenté a sa Majeste pour la premiere fois en 1699",Laurent Charles d' Houry,1787,Paris,France 
Start of the French Revolution,14,7,1789,Beginning of the end of monarchy and rise of the Republic,Revolution,681128,,,,"Les aventures de Télémaque, fils d'Ulysse par M. de Fénélon ; avec figures en taille-douce, dessinées par MM. Cochin et Moreau le jeune",François de Salignac de La Mothe-Fénelon|Charles Nicolas Cochin II|Jean Michel Moreau the Younger|Jean Claude Bozerian,1790,Paris,France 
French Revolution Begins,14,7,1789,Overthrow of the monarchy and rise of democratic ideals,Revolution,503528,681,1999,Bassoon,Bassoon,Dominique Antony Porthaux,1790,Paris,France 
Start of the French Revolution,14,7,1789,Beginning of the end of monarchy and rise of the Republic,Revolution,679732,,2009,,"Almanach royal, année bissextile M.DCC.LXCII : présenté a sa Majeste pour la premiere fois en 1699 par Laurent d'Houry",Laurent Charles d' Houry|Imprimerie de Testu,1791,Paris,France 
Start of the French Revolution,14,7,1789,Beginning of the end of monarchy and rise of the Republic,Revolution,681246,,2009,,"L'office de l'Église en françois contenant les offices pour toute l'année, plusieurs prières tirées de l'écriture-sainte & des saints pères, les hymnes en vers françois, avec une instruction pour les fidèles",Catholic Church|Langlois,1792,Paris,France 
Louis XVI Executed,21,1,1793,End of the monarchy and start of the French Republic,Revolution,503505,,1998,Lyre Guitar,Lyre Guitar,Joseph Pons,1795,Paris,France 
Reign of Terror Begins,5,9,1793,Period of extreme violence and political purges,Revolution,681545,,,,Contes et nouvelles en vers par Jean de la Fontaine,Nicolas Boileau Despréaux|Pierre Didot l'ainé|Jean de La Fontaine|Charles Dominique Joseph Eisen,1795,Paris,France 
Napoleon Crowned Emperor,2,12,1804,Establishment of the First French Empire,Coronation,682015,,,,"Galerie Giustiniani, ou, Catalogue figuré des tableaux de cette célèbre galerie, transportée d'Italie en France, accompagné d'observations critiques et historiques, et de soixante-douze planches gravée au trait, contenant environ cent cinquante sujets",Charles-Paul Landon|Chaignieau|Simier,1812,Paris,France 
Napoleonic Wars and the Battle of Leipzig,,10,1813,Decisive defeat of Napoleon's forces leading to his retreat from Germany,War,501534,,1889,Transverse Flute in D-flat,Transverse Flute in D-flat,Claude Laurent,1813,Paris,France 
Napoleonic Wars and the Battle of Leipzig,,10,1813,Decisive defeat of Napoleon's forces leading to his retreat from Germany,War,679638,,2009,,"Almanach impérial, pour l'année M. DCCC. XIII présente a S. M. l'Empereur et Roi, par Testu",,1813,Paris,France 
End of Napoleonic Wars,18,6,1815,Defeat of Napoleon and restoration of European monarchies,War,678732,,2009,,"L'ami des voyageurs, ou, Etrennes instructives, curieuses et nécessaires à toutes les personnes qui voyagent, soit à pied, à cheval, en voiture, ou par eau : soit par les voitures publiques, etc. etc.",Marcilly,1815,Paris,France 
End of Napoleonic Wars,18,6,1815,Defeat of Napoleon and restoration of European monarchies,War,681269,,2009,,Petit almanach de la cour de France : 1819. treizième année,,1818,Paris,France 
Invention of Sewing Machine,17,7,1830,Invention of first sewing machine that replicated sewing by hand,Industrial Change,681384,,,,"Rapport au roi sur la situation, au 31 mars, 1829, des canaux et autres ouvrages entrepris en vertu des lois des 20 juin et 5 aout 1821",Ministère de l'intérieur|L'Imprimerie Royale,1829,Paris,France 
Guziot Law,28,6,1833,Expanded public education in France,Educational Reform,503546,680,2002,Cornet à Pistons in B-flat,Cornet à Pistons in B-flat,Courtois frères,1833,Paris,France 
Daguerreotype Process ,9,1,1839,Birth of modern photography,Scientific,900717,,,,"De la loi du contraste simultané des couleurs, et de l'assortiment des objets colorés, considéré d'après cette loi",Michel Eugène Chevreul,1839,Paris,France 
Daguerreotype Process ,9,1,1839,Birth of modern photography,Scientific,811182,,,,"Architecture arabe : ou, Monuments du Kaire, mesurés et dessinés, de 1818 à 1826",Firmin Didot Freres|Pascal Coste,1839,Paris,France 
Return of Napolean's Ashes,15,12,1840,Body of Napolean Bonaparte returned from St. Helena,Historical,503502,681,1998,Accordion,Accordion,Alexandre Pere & Fils,1840,Paris,France 
Return of Napolean's Ashes,15,12,1840,Body of Napolean Bonaparte returned from St. Helena,Historical,505461,,1984,Violoncello,Violoncello,Jean Baptiste Vuillaume,1840,Paris,France 
Second French Empire Declared,2,12,1852,Establishment of the empire under Napoleon III,Political,824357,,,,L'œuvre complet de Rembrandt : catalogue raisonné de toutes les eaux-fortes du maître et de ses peintures,Rembrandt (Rembrandt van Rijn)|Charles Blanc|Gide,1859,Paris,France 
Paris Commune,18,3,1871,Revolutionary government in Paris following Franco Prussian War,Revolt,681556,,2009,,Mémoires du Comte de Grammont : histoire amoureuse de la cour d'Angleterre sous Charles II / par Antoine Hamilton ; préface et notes par Benjamin Pifteau,Count Anthony Hamilton|Jules Adolphe Chauvet|Leon Lamire|Marius Michel et fils,1876,Paris,France 
Paris Commune,18,3,1871,Revolutionary government in Paris following Franco Prussian War,Revolt,853671,,,,Musée graphique pour l'étude de l'art dans toutes ses applications,Edouard Lièvre,1880,Paris,France 
Statue of Liberty Presentation,4,7,1884,Finished Statue of Liberty officially presented to the United States ambassador,Diplomatic,734111,,,,"Paris illustré, ""Les fêtes foraines""",,1884,Paris,France 
Statue of Liberty Presentation,4,7,1884,Finished Statue of Liberty officially presented to the United States ambassador,Diplomatic,738516,,,,"Paris illustré, ""Les fêtes foraines""",,1884,Paris,France 
Statue of Liberty delivered,17,6,1885,Statue of Liberty arrvied in New York Harbor,Cultural,734109,,,,"Paris illustré, ""Aux Environs de Paris""",,1885,Paris,France 
Construction of the Eiffel Tower began,26,1,1887,Foundations began for the 1889 World's Fair,World Expo,734110,,,,"Paris illustré, ""La danse""",,1887,Paris,France 
Van Gogh cuts off his ear,23,12,1888,Van Gogh moves to Arles and cuts his own ear off after a fight with Paul Gauguin,Artistic,726678,,,,"Honoré Daumier, l'homme et l'œuvre : ouvrage orné d'un portrait à l'ea-forte, de deux héliogravures et de 47 illustrations",Arsène Alexandre|Honoré Daumier,1888,Paris,France 
Van Gogh cuts off his ear,23,12,1888,Van Gogh moves to Arles and cuts his own ear off after a fight with Paul Gauguin,Artistic,839192,,,,"La vente des diamants de la couronne : son histoire, ses préparatifs, ses résultats : avec le catalogue raisonné des joyaux : précedé de la reproduction du catalogue officiel et orné de 35 dessins des principaux bijoux /par Arthur Bloche",Arthur Bloche|Maison Quantin,1888,Paris,France 
1900 World's Fair and Summer Olympics,14,4,1900,Paris hosts the World's Fair and hosts the summer olympics which featured women athletes for the first time,World Expo,821898,,,,"""Le lustre lumière"" : [nouvel appareil electrique] breveté en France et à l'Étranger",Hector Guimard|Langlois et cie,1900,Paris,France 
Mona Lisa returned to France,30,12,1913,Stolen Mona Lisa returned to France,Artistic,821896,,,,Album des principaux modeles de verres : produits spéciaux en verre coulé,"Manufactures des glaces & produits chimiques de Saint-Gobain, Chauny & Cirey",1913,Paris,France 
Battle of Verdun,21,2,1916,One of the longest and deadliest battles in history (10 months),Military,821928,,,,Les élégances Parisiennes : publication officielle des Industries francaises de la mode,Hachette,1916,Paris,France 
American Troops Arrive,26,6,,American Troops arrive to aid in war effort,War,821934,,,,Les modes,"Galerie Manzi, Joyant & Cie.",1917,Paris,France 
Summer Olympics 1924,4,5,1924,First time a city hosted the Games twice,Sports Event,852613,,,,Le presbytère n'a rien perdu de son charme ni le jardin de son éclat,Bureau de recherches surréalistes,1924,Paris,France 
Summer Olympics 1924,4,5,1924,First time a city hosted the Games twice,Sports Event,852614,,,,"Ouvrez la bouche comme un four, il en sortira des noisettes",Bureau de recherches surréalistes,1924,Paris,France 
Summer Olympics 1924,4,5,1924,First time a city hosted the Games twice,Sports Event,821881,,,,Album des verres coulés,"Manufactures des glaces & produits chimiques de Saint-Gobain, Chauny & Cirey",1924,Paris,France 
Summer Olympics 1924,4,5,1924,First time a city hosted the Games twice,Sports Event,852594,,,,Vous qui ne voyez pas pensez à ceux qui voient,Bureau de recherches surréalistes,1924,Paris,France 
Summer Olympics 1924,4,5,1924,First time a city hosted the Games twice,Sports Event,852606,,,,Vous qui avez du plomb dans la tête fondez-le pour en faire de l'or surréaliste,Bureau de recherches surréalistes,1924,Paris,France 
Summer Olympics 1924,4,5,1924,First time a city hosted the Games twice,Sports Event,845710,,,,Manuel de l'amateur de reliures armoriées françaises,Eugène Olivier|C. Bosse,1924,Paris,France 
Summer Olympics 1924,4,5,1924,First time a city hosted the Games twice,Sports Event,852607,,,,Ariane ma sœur! de quel amour blessée : vous mourûtes aux bords où vous fûtes laissée?,Bureau de recherches surréalistes,1924,Paris,France 
Summer Olympics 1924,4,5,1924,First time a city hosted the Games twice,Sports Event,852598,,,,Le parapluie du chocolat est dédoré : trempez-le dans la porte et nattez,Bureau de recherches surréalistes,1924,Paris,France 
Art Deco Movement launced,22,10,1925,Established France as a leader in modern design,Artistic,852615,,,,La Révolution surréaliste,Gallimard|Louis Aragon|André Breton,1925,Paris,France 
Art Deco Movement launced,22,10,1925,Established France as a leader in modern design,Artistic,852631,,,,"La peinture surréaliste : exposition du Samedi 14 au Mercredi 25 Novembre 1925, Galerie Pierre",Joan Miró|Galerie Pierre|André Breton|Man Ray|Giorgio de Chirico|Pablo Picasso|Robert Desnos|Jean Arp|Pierre Roy|Max Ernst|Paul Klee|André Masson,1925,Paris,France 
Tour de France 1926,20,6,1926,Longest in history,Sports Event,852624,,,,"Vous êtes invité à visiter fréquemment la Galerie Surréaliste, 16, rue Jacques Callot (rue de Seine), Paris",Galerie surréaliste|Georges Malkine,1926,Paris,France 
First FIFA World Cup,13,7,1930,French player scored the first ever goal in World Cup History,Sports Event,812492,,,,"Relais, 1930 : quinze planches donnant quarante-deux motifs décoratifs : enluminure d'art de J. Saudé : préliminaires de Y. Rambosson","Yvanhoé Rambosson|Editions Vincent, Fréal et Cie|Jean Saudé|Edouard Bénedictus",1930,Paris,France 
February 6th Crisis,6,2,1934,Violent protests in Paris against the Parliamentary government,Revolt,708840,,,,Interieurs Modernes 3. Repetoire de l'Architecture,Henry Delacroix|Editions S. de Bonadona,1934,Paris,France 
February 6th Crisis,6,2,1934,Violent protests in Paris against the Parliamentary government,Revolt,832526,,,,"Hans Erni, Hans Schiess, Kurt Seligmann, S.H. Taeuber-Arp, Gerard Vulliamy",Anatole Jakovsky,1934,Paris,France 
Popular Front Victory,,5,1936,Led to labor reforms and first socialist Prime Minister,Political,852640,,,,Exposition surréaliste d'objets,Charles Ratton|André Breton,1936,Paris,France 
Popular Front coalition break down,,6,1937,Leon Blum resigns as Prime Minister,Political,853475,,,,La carte surrealiste : première série,Georges Hugnet,1937,Paris,France 
Popular Front coalition break down,,6,1937,Leon Blum resigns as Prime Minister,Political,832540,,,,Plastique,Sophie Taeuber-Arp,1937,Paris,France 
Munich Agreement,29,9,1938,"France, Britain, Italy, and Germany sign the Munich agreement",Diplomatic Agreement,852646,,,,"Exposition internationale du surréalisme : invitation pour le 17 janvier 1938, a 22 heures signal d'ouverture par André Breton","Marcel Duchamp|André Breton|Galerie Beaux-Arts, Paris|Paul Eluard|Salvador Dalí",1938,Paris,France 
Women Gain the Right to Vote,21,4,1944,Women's suffrage achieved,Social Reform,897072,Watson Library,,,"Dora, Auschwitz, Buchenwald, Bergen-Belsen, croquis clandestins",Léon Delarbre,1945,Paris,France 
Women Gain the Right to Vote,21,4,1944,Women's suffrage achieved,Social Reform,897076,Watson Library,,,"Exposition-vente au profit des Œuvres de protection des enfants juifs, victimes des déportations (O.P.E.J.)","Pierre Chaillet|Georges Huisman|Galerie Beaux-Arts, Paris",1946,Paris,France 
Women Gain the Right to Vote,21,4,1944,Women's suffrage achieved,Social Reform,852678,,,,Océanie : avant-propos et poèmes inédits,André Breton,1948,Paris,France 
Women Gain the Right to Vote,21,4,1944,Women's suffrage achieved,Social Reform,852593,,,,Martinique charmeuse de serpents,André Masson|Sagittaire|André Breton,1948,Paris,France 
The Treaty of Paris 1951,18,4,1951,Laid the foundation for the future European Union ,Treaty,897078,Watson Library,,,Undzere farpayniḳṭe ḳinsṭler,Hersh Fensṭer,1951,Paris,France 
Battle of Dien Bien Phu,7,5,1954,French army suffered defeat in Vietnam ending French involvement in Indochina,Military,852622,,,,Phases : cahiers internationaux de recherches littéraires et plastiques,Edouard Jaguer,1954,Paris,France 
Establishment of the Fifth Republic,4,10,1958,New constitution and government structure strengthening presidential power,Political Reform,852645,,,,La Brèche,Le Terrain Vague|André Breton,1963,Paris,France 
May 1968 Student Protests,,5,1968,Major social and political upheaval,Revolt,852642,,,,Surréalisme,Jean Schuster|Le Terrain Vague,1968,Paris,France 
Slave Trade,,,1775,Coastal clans profitted by controlling movement of slaves from the interior to European ships,Colonization,318667,,2000,Mask,Mask (Mukudj),,1775,,Gabon
Slave Trade,,,1775,Coastal clans profitted by controlling movement of slaves from the interior to European ships,Colonization,312429,,1979,"Head
",Sculptural Bust from a Reliquary Ensemble (The Great Bieri),Fang-Betsi artist,1800,,Gabon
Arrival of the Russians,,,1731,Redefined European power balance,Political,504497,684,2006,Walking-Stick Flute/Oboe,Walking-Stick Flute/Oboe,Georg Henrich Scherer,1750,Butzbach,Germany
Arrival of the Russians,,,1731,Redefined European power balance,Political,506724,,2010,Clarinet in D,Clarinet in D,,1750,,Germany
The Seven Years' War,,,1756,Confirmed Prussia's status as a great European power shaping European geopolitics,War,504019,684,1943,Transverse Flute in D-flat,Transverse Flute in D-flat,,1760,Saxony,Germany
The Seven Years' War,,,1756,Confirmed Prussia's status as a great European power shaping European geopolitics,War,503271,684,1986,Clavichord,Clavichord,Christian Kintzing,1763,Neuwied,Germany
University of Münster established,16,4,1780,"Became a signficant education institution that encouraged the rise of the ""Reading Revolution""",Educational Reform,504284,681,1980,English Horn,English Horn,H. Grenser,1780,Dresden,Germany
University of Münster established,16,4,1780,"Became a signficant education institution that encouraged the rise of the ""Reading Revolution""",Educational Reform,506174,683,2010,Kettle Drums,Kettle Drums,Franz Peter Bundsen,1780,Hanover,Germany
Partitions of Poland,,,1790,Occupation that led to centuries of Polish resistance against Germanization,Political,501675,680,1889,Natural Trumpet in E-flat,Natural Trumpet in D,Andreas Naeplaesnigg,1790,Jettingen,Germany
Frankfurter Wachensturm,3,4,1833,Dozens of armed students attacked police stations in Frankfurt intending to trigger a national revolution. The attempt failed,Revolt,503467,,1996,Pair of Transverse Flutes,Pair of Transverse Flutes,Johann Wilhelm Oberlender (the Elder),1833,Nürnberg,Germany
Hyperinflation Crisis,15,11,1923,Economic crisis causing severe inflation crippling the economy,Economic Crisis,892613,,,,"Das Marmorieren des Buchbinders auf Schleimgrund und im Öl- und Kleisterverfahren : nebst Anleitung zum Linoleumschnitt, Schablonierverfahren und Modeldruck für Fachleute und Liebhaber",Wilhelm Knapp Verlag|Paul Adam,1923,Halle (Saale),Germany
Hyperinflation Crisis,15,11,1923,Economic crisis causing severe inflation crippling the economy,Economic Crisis,818893,,,,"Malerei, Photographie, Film",Albert Langen Verlag|László Moholy-Nagy,1925,Munich,Germany
Hyperinflation Crisis,15,11,1923,Economic crisis causing severe inflation crippling the economy,Economic Crisis,818890,,,,Pädagogisches Skizzenbuch,Paul Klee|Albert Langen Verlag,1925,Munich,Germany
Federal Election,20,5,1928,German federal election held at a time of economic stabiliztion with lower unemployment figures,Election,818854,,,,Kubismus,Albert Langen Verlag|Albert Gleizes,1928,München,Germany
Federal Election,20,5,1928,German federal election held at a time of economic stabiliztion with lower unemployment figures,Election,818895,,,,Punkt und Linie zu Fläche : Beitrag zur Analyse der malerischen Elemente,Albert Langen Verlag|Vasily Kandinsky,1928,Munich,Germany
Wall Street Crash,29,10,1929,"The US stock market crash triggered a financial crisis in Germany, collapsing the German financial system",Economic Crisis,818860,,,,Von Material zu Architektur,Albert Langen Verlag|László Moholy-Nagy,1929,München,Germany
Nazi Party's Rise to Power,,1,1933,Adolf Hitler becomes Chancellor leading to totalitarian regime and WWII,Political,892133,,,,Neuheiten,A. Nees & Co. Buntpapierfabrik,1934,Aschaffenburg,Germany
Hossbach Memorandum,5,11,1937,"Secret meeting held by Hitler outlining plans to acquire ""living space"" setting the stage for future aggression",Political,503282,684,1986,Guitar,Guitar,Hermann Hauser,1937,Munich,Germany
Surrender of Nazi Germany,,5,1945,End of World War II in Europe,Military,896962,Watson Library,,,24 drawings from concentration camps in Germany : in rotogravure,George Zielezinski,1946,Munich,Germany
Surrender of Nazi Germany,,5,1945,End of World War II in Europe,Military,896972,Watson Library,,,Khochu z︠h︡yty! Obrazky z nimetsʹkykh kontsentratsiĭnykh taboriv,Edvard Kozak|O. Dansʹkyĭ|Ukr. vydavnycha spilka,1946,Munich,Germany
German Autumn,5,9,1977,Entire year was a period of intense crisis in West Germany caused by a series of terrorrist attacks by the Red Army Faction starting with the kidnapping of Hanns Martin Schyleyer,Terrorism,736858,,,,"Hsi-hsiang chi, chinesische Farbholzschnitte von Min Chʻi-chi 1640",Edith Dittrich|Shifu Wang|Min Qiji,1977,Köln,Germany
Oktoberfest Bombing,26,9,1980,Far-right terrorist attack at the Munich Oktoberfest killing 13 people and injuring over 200,Terrorism,818847,,,,Die gegenstandslose Welt,Kupferberg Verlag|Kazimir Malevich,1980,Mainz,Germany
Adoption of the Euro,,1,2002,Introduction of the Euro as the official currency replacing the Deutsche Mark,Ecomonic Change,892630,,,,"Sönmez Osmanische Motive in der Marmoriertechnik : mit 25 original Marmorpapieren, davon 1 Original als Einband-Überzug = Sönmez Ottoman motifs in the art of marbling : with 25 original samples of marbled papers, of which one is cover jacket",Nedim Sönmez,2003,Tübingen,Germany
Ukraine Refugee Crisis,,10,2022,Germany welcomed approximately 1 million Ukranian refugees ,Humanitarian,889914,,,,Nicolás De Jesús : a Mexican artist for global justice,Nicolás de Jesús,2022,Munich|Purchase,Germany
Surrender at Trichinopoly,9,6,1752,French forces surrended to the British under the command of Robert Clive at Trichinopoly,Military,456949,,2008,Painting,Great Indian Fruit Bat,Bhawani Das,1752,Calcutta,India
Return of Robert Clive,,7,1755,"British Colonial Ruler whose return to India led to the overthrow of the ruler of Bengal, the richest state in Infia",Military,454011,,2000,Illustrated single work,Black Stork in a Landscape,,1755,probably Lucknow,India
First War of Indian Independence,10,5,1857,First large scale rebellion against British rule,Rebellion,503672,684,1986,Śankh,Śankh,,1800,,India
First War of Indian Independence,10,5,1857,First large scale rebellion against British rule,Rebellion,500709,684,1889,Taūs (mayuri),Taūs (mayuri),,1800,,India
First War of Indian Independence,10,5,1857,First large scale rebellion against British rule,Rebellion,500709,684,1889,Taūs (mayuri),Taūs (mayuri),,1800,,India
Establishment of British Raj,1,5,1858,Start of direct British governance in India,Colonization,500736,,1889,Ghanti (bell),Ghanti (bell),,1850,,India
Formation of Indian National Congress,28,12,1858,Aimed to obtain a greater share in government for educated Indians.,Political ,503204,681,1982,Sarangi,Sarangi,,1890,,India
Mother Theresa Dies in Calcutta,13,9,1997,Death of a prominent social and cultural leader,Humanitarian,503529,684,1999,Sitar,Sitar,Murari Adhikari,1997,Calcutta,India
Establishhment of the Dutch East Indies,1,1,1800,Dutch government took over all possessions and debts of the Dutch East India Company and established the Dutch East Indies as a formal colony under the Dutch state,Colonization,313629,,1979,House post figure,House Post Figure,,1800,Kabiterau village,Indonesia
Establishhment of the Dutch East Indies,1,1,1800,Dutch government took over all possessions and debts of the Dutch East India Company and established the Dutch East Indies as a formal colony under the Dutch state,Colonization,316008,,1988,Figure,Figure (Hampatong),Ngadju or Ot Danum artist,1800,Borneo,Indonesia
Establishhment of the Dutch East Indies,1,1,1800,Dutch government took over all possessions and debts of the Dutch East India Company and established the Dutch East Indies as a formal colony under the Dutch state,Colonization,316145,,1988,Finial,Finial from a Ritual Staff (Tungkot Malehat),,1800,Sumatra,Indonesia
Establishhment of the Dutch East Indies,1,1,1800,Dutch government took over all possessions and debts of the Dutch East India Company and established the Dutch East Indies as a formal colony under the Dutch state,Colonization,316007,202,1988,Container,Perminangken (container for magical substances),Toba Batak artist,1800,Sumatra,Indonesia
N/A,,,,N/A,N/A,318765,,2001,Ancestor figure,Ancestor Figure (Korwar),,1850,,Indonesia
Abolition of Forced Labor ,,,1870,Dutch liberals in parlaiment abolished law that forced Javanese peasants to grow export crops for the government,Political,318899,,2006,Ancestor figure,Ancestral Couple (Ana Deo),,1870,,Indonesia
Discovery of Java Man,,10,1891,Provided earliest proof of human presence outside of Africa (Homo erectus fossils),Scientific,502064,681,1889,Sesando,Sesando,,1890,Nusa Tenggara,Indonesia
German Occupation of Netherlands,,5,1940,Dutch East Indies colonial government cut off from home country ans led to the imposition of martial law,Colonization,313830,,1979,Ancestor pole,Bis Pole,,1940,Omadesep village,Indonesia
Anglo-Persian Oil Agreement,,5,1901,"Discovery and development of oil, fundamentally changing Iran's economy and strategic importance.",Discovery,449154,452,1937,Dado panel,Dado Panel,,1900,Nishapur,Iran
Consolidation of Power under Fath 'Ali Shah Qajar,,,1800,Led to First Russo-Persion War,Political,455304,,2006,Pen box,Pen Box (Qalamdan) Depicting Shah Isma'il in a Battle against the Uzbeks,,1800,,Iran 
Consolidation of Power under Fath 'Ali Shah Qajar,,,1800,Led to First Russo-Persion War,Political,446996,462,1917,Bottle,Swan-Neck Glass Bottle,,1800,,Iran 
Baghdad Pact,3,11,1955,Iran aligns itself with Western powers in a collective defense organization,Diplomatic Agreement,817398,,2020,Work on paper,Composition 14,Faramarz Pilaram,1955,,Iran 
War of Spanish Succession Begins,9,7,1701,War that alters European balance of ownership,Succession Challenge,505786,684,2008,Viola d'Amore,Viola d'Amore,Giovanni Grancino,1701,Milan,Italy
Holy Roman Emperor Joseph I of Austria dies,17,4,1711,Alters the European balance of power,Succession Challenge,503008,684,1934,Violin,"""The Antonius"" Violin",Antonio Stradivari,1711,Cremona,Italy
Treaty of Utrecht Ends the War of Spanish Succession,11,4,1713,Redefined European power balance,Treaty,503613,684,1988,Archlute,Archlute,David Tecchler,1725,Rome,Italy
Treaty of Utrecht Ends the War of Spanish Succession,11,4,1713,Redefined European power balance,Treaty,815475,,,,Studio d'architettura civile,Filippo Vasconi,1725,Rome,Italy
N/A,,,,N/A,N/A,503625,,1945,Harpsichord,Harpsichord,,1750,,Italy
N/A,,,,N/A,N/A,716639,,,,"Encyclopédie, ou Dictionnaire raisonné des sciences, des arts et des métiers, par une société de gens de lettres",Ottaviano Diodati|Vincenzo Giuntini|Jean Le Rond d'Alembert|Denis Diderot,1758,Lucca,Italy
Publication of La Scienza della Legislazione,,,1780,"Launched an intellectual attack on feudalism and called for equal justice, state intervention in economic affairs, and broad education reforms",Educational Reform,503932,681,1969,Guitar,Guitar,,1780,probably Naples,Italy
Army of Italy,24,3,1794,Napolean Bonaparte gains command of the artillery of the Army of Italy,Military,681389,,2009,,"Uffizio della Settimana Santa : colle rubriche volgari, argomenti de' Salmi, spiegazione delle cerimonie e misterj, con osservazioni, e riflessioni divote dell'abate Alessandro Mazzinelli",Alessandro Mazzinelli|Giovanni Battista Pacetti|Catholic Church|Giuseppe Passeri (Passari)|Annibale Carracci|Luigi Perego Salvioni,1794,Rome,Italy
Congress of Vienna,1,6,1815,"The powers that defeated Napolean --Austria, Russia, Prussia and Great Britian -- draw a new geopolitical map of Europe and rebalanced powers across the continent",Diplomatic Agreement,681372,,,,Codice civile generale austriaco,Luigi Lodigiani,1815,Milan,Italy
Unification of Italy Proclaimed,17,3,1861,Establishment of the Kingdom of Italy,State Establishment,687677,759,2015,Bust,Minnehaha,Edmonia Lewis,1868,Rome,Italy
Unification of Italy Proclaimed,17,3,1861,Establishment of the Kingdom of Italy,State Establishment,687670,759,2015,Bust,Hiawatha,Edmonia Lewis,1868,Rome,Italy
Treaty of Bardo,11,11,1881,French takeover Tunisia and excludes Italian interests. Led to formation of Triple Alliance,Treaty,503615,684,2003,Bassoon,Bassoon,Giosue Esposito,1881,Naples,Italy
Treaty of Bardo,11,11,1881,French takeover Tunisia and excludes Italian interests. Led to formation of Triple Alliance,Treaty,739518,,,,La Basilica di San Marco in Venezia illustrata nella storia e nell'arte da scrittori veneziani : [volume 3],Camillo Boito|Ferdinando Ongania,1881,Venice,Italy
L'Aquila Earthquake,6,4,2009,Significant loss of life and damage to heritage sites,Natural Disaster,699928,,,,Breviario Grimani : ms. Lat. I 99=2138 della Biblioteca nazionale marciana di Venezia,Carlo Bertoncello Brotto|Enrico Malato|Biblioteca Nazionale Marciana|Salerno Editrice,2009,Rome,Italy
Treaty of Utrecht Ends the War of Spanish Succession,11,4,1713,Redefined European power balance,Treaty,501788,684,1889,Grand Piano,Grand Piano,Bartolomeo Cristofori,1720,Florence,Italy 
N/A,,,,N/A,N/A,716648,,,,"Planches pour l'Encyclopédie, ou pour le Dictionaire raisonné des sciences, des arts libéraux, et des arts méchaniques, avec leur explication",Vincenzo Giuntini|Denis Diderot,1765,Lucca,Italy 
N/A,,,,N/A,N/A,502402,,1889,Densho,Densho,,1801,,Japan
N/A,,,,N/A,N/A,503052,,1968,Sho,Sho,,1801,,Japan
N/A,,,,N/A,N/A,502833,681,1889,Shō,Shō,,1801,,Japan
Iwakura Mission,23,12,1871,A Japanese diplomatic voyage to the United States and Europe to renegotiate unequal treaties and study Western ways.,Diplomatic ,501802,681,1889,O-daiko,O-daiko,Kodenji Hayashi,1873,Tohshima,Japan
Treaty of Saint Petersburg ,7,5,1875,Japan signed a treaty with Russia to define borders int he north,Treaty,892138,,,,大高檀紙见本帖,,1875,,Japan
Amamiya Silk Reeling Company Strike,12,6,1886,Nearly 100 girls march out of Amamiya Silk Reeling Company initiating Japan's first organized industrial strike ,Union,855856,,,,Moyō hinagata miyako no nishiki / [henshū Yamanaka Kichirobē],Kichirobe Yamanaka,1886,Ōsaka,Japan
N/A,,,,N/A,N/A,503340,681,1986,Koto,Koto (箏),,1900,,Japan
Founding of Toyota Industries,18,11,1926,Inventor Sakichi Toyoda founded Toyota Industries,Industrial,820686,,,,Aozameta dōteikyō : Shigashū,Hideo Saitō|Tatsuo Okada,1926,Tokyo,Japan
Second Sino Japanese War,7,7,1937,"A major theater of WWII in Asia, resulting in massive casualties and atrocities such as the Nanjing Massacre.",War,852648,,,,Album surréaliste,Takiguchi Shuzo,1937,Tokyo,Japan
Nintendo Game & Watch Release,24,4,1980,Nintendo released the Game and Watch as the company's first entry into the portable game console market,Industrial,820559,,,,Yagi Kazuo sakuhinshū : tōban tsuki tokusōbon,Yagi Kazuo,1980,Tokyo,Japan
Japan Korea Comfort Women Agreement,28,12,2015,"Aimed to resolve the long tanding issue of ""comfort women"" during WWII, though met with criticism and controversy.",Social Reform,889317,,,,Din Kyū Re ten : asu eno kioku,Dinh Q. Lê,2015,Tokyo,Japan
Emergency Measure 9,,5,1975,Prohibited all politically motivated group activities and gatherings,Poltical Repression,503206,681,1982,Chongak Kayagum,Chongak Kayagum,Kim Kwang Ju,1975,,Korea
Port Cresson Massacre,10,6,183,Battle between former American slaves and their descendents and the Bassa forces of modern-day Liberia,Massacre,751536,746,2019,Portrait figure,Portrait figure,,1835,,Liberia
N/A,,,,N/A,N/A,310325,136,1977,Couple figure ,Figure: Seated Couple,Dogon artist,1720,Bandiagara Escarpment,Mali
1715 Treasure Fleet,31,7,1715,"1,500 lives lost and estimated fortune of 14 million pesos scattered along Florida coastline in Hurricane ",Historical,747199,749,2017,Painting,The Virgin of Carmen and the Souls of Purgatory with St. Joseph and the Prophet Elijah,Juan Francisco de Aguilera,1715,,Mexico
El Año del Hambre (The Year of Hunger),,,1786,Disastrous famine and epidemic disease that caused agricutural and social crisis in Mexico,Natural Disaster,13604,,1971,Coverlet,Embroidered coverlet (Colcha),Doña Rosa Solís y Menéndez,1786,Mérida,Mexico
Restoration of Spanish Constitution of 1812 Revolt,1,1,1820,Resulted in Mexico's independence from Spain,Independence,725124,774,2016,dish,Dish (Charola),Unknown,1820,Guanajuato,Mexico
Manual Ávila Camacho elected,7,7,1940,Through this election Mexico forms a friendlier relationship with the U.S. and declares war on the Axis Powers,Election,852616,,,,International exhibition of surrealism,José Vázquez Amaral|Galeria de Arte Mexicano|André Breton,1940,Mexico City,Mexico
Mexico pays U.S. oil companies $24 million plus interest,,,1944,Nationalized oil industry in Mexico,Industrial,852611,,,,Dyn,Wolfgang Paalen,1944,Coyoacán,Mexico
Defeat of the Gaza Empire,7,11,1895,End of indigenous resistance to Portegues rule and beginning of the rapid expansion of colonial infrastructure,Colonization,503679,681,1909,Nyonganyonga,Nyonganyonga,,1895,,Mozambique
Women's Suffrage Achieved,19,9,1893,Made New Zealand the first self governing country in the world to grant all women the right to vote in parliamentary elections.,Social Reform,313697,,1979,House post figure,House Post Figure (Amo),,1800,,New Zealand
Naming of Nigeria,8,1,1897,"Flora Shaw coined the name ""Nigeria"" in an article in the British newspaper The Times",Colonization,317823,828,1996,Post,Veranda Post: Equestrian Figure and Female Caryatid,Olowe of Ise,1890,Efon-Alaiye region,Nigeria
The National Assembly of Nigeria votes against constitutional amendment to remove term limits,16,5,2006,President Obasanjo is prevented from contesting a third term in office,Political,319872,,2007,Wall sculpture,Between Earth and Heaven,El Anatsui,2006,Nsukka,Nigeria
Lofthusreigingen Peasant Revolt,2,10,1786,Large-scale peasant revolt in South Norway that highlighted deep rural discontent and prompted authorities to enact limited agrarian reforms,Revolt,505825,684,2008,Hardanger Fiddle,Hardanger Fiddle,,1786,,Norway
N/A,,,,N/A,N/A,503160,,1977,Drum,Drum,,1900,,Peru
King Joseph Bonaparte gives Filipinos Spanish Citizenship,22,2,1809,This grants the colony representation in the Spanish Cortes,Political Change,503200,,1982,Dadabuan,Dadabuan,,1801,Mindanao,Philippines
Fifth Assassination Attempt of Tsar Alexander II,,2,1880,One of many assassination attempts on the life of Tsar Alexander II,Assassination,813852,,,,Souvenir de St. Pétersbourg,,1880,St. Petersburg,Russia
Tirailleurs Sénégalais Retuned Home from Indochina War,7,5,1954,Sengegalese men joined the French Air Force to fight in the Indochina War and returned home in 1955,War,503060,684,1975,Kora,Kora,Mamadou Kouyaté (d. 1991)  (bridge by Djimo Kouyaté),1955,,Senegal
Third Family Compact,15,8,1761,Pact made between Spanish and French monarchs in the Treaty of Paris during the Seven Years' War,Diplomatic Agreement,503440,,1992,Guitar,Guitar,Joseph de Frías,1760,Seville,Spain
Marcela Gracia Ibeas and Elisa Sanchez Loriga Marriage,8,6,1901,First recorded same-sex marriage in Spain,Social Change,503283,681,1986,Guitar,Guitar,Manuel Ramírez|Santos Hernández,1901,Madrid,Spain
Radical Republican Party - Straperlo Scandal,,9,1935,A series of corruption scandals began to cripple the government leading to the Spanish Civil War which began in 1936,Political Scandal,852660,,,,Exposición surrealista : abierta de 11 a 12 y de 5 a 9 todos los dias hasta su clausura el 21 de mayo,André Breton,1935,Santa Cruz de Tenerife,Spain
Qing Rule,,,1800,Han Chinese population in Taiwan increased over two million by end of Qing Rule,Historical,317735,,1995,House post,House Post (Tomok),,1800,Botel Tobago Island,Taiwan
Rattanakosin Kingdom,,,1800,"The Rattanakosin Kingdom flourished and expanded to include modern-day Cambodia, Laos, nothern Malaysia and eastern Burma",Historical,500928,684,1889,Sō Sām Sāi,Sō Sām Sāi,,1800,,Thailand
Bugunda gains control over the western shores of Lake Victoria,,,1800,Kingdom of Bugunda consolidated power before the arrival of foreign traders and colonial explorers,Historical,501536,681,1889,Ennanga,Ennanga,Ganda,1801,,Uganda
December General Election,12,12,2019,Boris Johnson led the Conservative Party to victory which resulted in majority to finalize Brexit,Election,889364,,,,Skawennati : from SkyWorld to cyberspace,Skawennati Tricia Fragnito|McIntosh Gallery,2019,London,United Kingdom
White Lotus Rebellion,,,1800,Large scale uprising in central China that contributed to the decline of the Qing Dynasty,Rebellion,500637,681,1889,Goqing (磬),Goqing,,1800,Xianmen (formerly Amoy),China